Path;SteerAngle;Throttle;Brake;Speed;X_Position;Y_Position;Pitch;Yaw;Roll
/Users/saminda/Udacity/RoboND/RoboND-Rover-Project/IMG/robocam_2018_07_04_16_04_48_156.jpg;0;0;1;0;99.66999;85.58897;0.0002359885;56.82556;-2.498685E-07
/Users/saminda/Udacity/RoboND/RoboND-Rover-Project/IMG/robocam_2018_07_04_16_04_48_217.jpg;0;0;0;0;99.66999;85.58897;0.0002359885;56.82556;-2.498685E-07
/Users/saminda/Udacity/RoboND/RoboND-Rover-Project/IMG/robocam_2018_07_04_16_04_48_283.jpg;0;0;0;0;99.66999;85.58897;0.0002359885;56.82556;-2.498685E-07
/Users/saminda/Udacity/RoboND/RoboND-Rover-Project/IMG/robocam_2018_07_04_16_04_48_350.jpg;0;0;0;0;99.66999;85.58897;0.0002359733;56.82556;-1.987288E-07
/Users/saminda/Udacity/RoboND/RoboND-Rover-Project/IMG/robocam_2018_07_04_16_04_48_416.jpg;0;0;0;0;99.66999;85.58897;0.000236019;56.82556;-3.521543E-07
/Users/saminda/Udacity/RoboND/RoboND-Rover-Project/IMG/robocam_2018_07_04_16_04_48_483.jpg;0;0;0;0;99.66999;85.58897;0.0002359733;56.82556;-1.987288E-07
/Users/saminda/Udacity/RoboND/RoboND-Rover-Project/IMG/robocam_2018_07_04_16_04_48_550.jpg;0;0;0;0;99.66999;85.58897;0.0002358862;56.82556;-2.803334E-07
/Users/saminda/Udacity/RoboND/RoboND-Rover-Project/IMG/robocam_2018_07_04_16_04_48_616.jpg;0;0;0;0;99.66999;85.58897;0.0002359167;56.82556;-3.826192E-07
/Users/saminda/Udacity/RoboND/RoboND-Rover-Project/IMG/robocam_2018_07_04_16_04_48_683.jpg;0;0;0;0;99.66999;85.58897;0.0002358862;56.82556;-2.803334E-07
/Users/saminda/Udacity/RoboND/RoboND-Rover-Project/IMG/robocam_2018_07_04_16_04_48_750.jpg;0;0;0;0;99.66999;85.58897;0.0002359015;56.82556;-3.314796E-07
/Users/saminda/Udacity/RoboND/RoboND-Rover-Project/IMG/robocam_2018_07_04_16_04_48_817.jpg;0;0;0;0;99.66999;85.58897;0.0002359015;56.82556;-3.314796E-07
/Users/saminda/Udacity/RoboND/RoboND-Rover-Project/IMG/robocam_2018_07_04_16_04_48_883.jpg;0;0;0;0;99.66999;85.58897;0.0002359015;56.82556;-3.314796E-07
/Users/saminda/Udacity/RoboND/RoboND-Rover-Project/IMG/robocam_2018_07_04_16_04_48_950.jpg;0;0;0;0;99.66999;85.58897;0.0002359167;56.82556;-3.826192E-07
/Users/saminda/Udacity/RoboND/RoboND-Rover-Project/IMG/robocam_2018_07_04_16_04_49_017.jpg;0;0;0;0;99.66999;85.58897;0.000235871;56.82556;-2.291937E-07
/Users/saminda/Udacity/RoboND/RoboND-Rover-Project/IMG/robocam_2018_07_04_16_04_49_083.jpg;0;0;0;0;99.66999;85.58897;0.0002359167;56.82556;-3.826192E-07
/Users/saminda/Udacity/RoboND/RoboND-Rover-Project/IMG/robocam_2018_07_04_16_04_49_150.jpg;0;0;0;0;99.66999;85.58897;0.0002359885;56.82556;-2.498685E-07
/Users/saminda/Udacity/RoboND/RoboND-Rover-Project/IMG/robocam_2018_07_04_16_04_49_217.jpg;0;0;0;0;99.66999;85.58897;0.0002360451;56.82556;-6.598455E-08
/Users/saminda/Udacity/RoboND/RoboND-Rover-Project/IMG/robocam_2018_07_04_16_04_49_283.jpg;0;0;0;0;99.66999;85.58897;0.0002360451;56.82556;-6.598455E-08
/Users/saminda/Udacity/RoboND/RoboND-Rover-Project/IMG/robocam_2018_07_04_16_04_49_350.jpg;0;0;0;0;99.66999;85.58897;0.0002360146;56.82556;3.629476E-08
/Users/saminda/Udacity/RoboND/RoboND-Rover-Project/IMG/robocam_2018_07_04_16_04_49_416.jpg;0;0;0;0;99.66999;85.58897;0.0002360603;56.82556;-1.171242E-07
/Users/saminda/Udacity/RoboND/RoboND-Rover-Project/IMG/robocam_2018_07_04_16_04_49_483.jpg;0;0;0;0;99.66999;85.58897;0.0002360451;56.82556;-6.598455E-08
/Users/saminda/Udacity/RoboND/RoboND-Rover-Project/IMG/robocam_2018_07_04_16_04_49_550.jpg;0;0;0;0;99.66999;85.58897;0.0002360908;56.82556;-2.194035E-07
/Users/saminda/Udacity/RoboND/RoboND-Rover-Project/IMG/robocam_2018_07_04_16_04_49_617.jpg;0;0;0;0;99.66999;85.58897;0.0002360451;56.82556;-6.598455E-08
/Users/saminda/Udacity/RoboND/RoboND-Rover-Project/IMG/robocam_2018_07_04_16_04_49_683.jpg;0;0;0;0;99.66999;85.58897;0.0002360908;56.82556;-2.194035E-07
/Users/saminda/Udacity/RoboND/RoboND-Rover-Project/IMG/robocam_2018_07_04_16_04_49_750.jpg;0;0;0;0;99.66999;85.58897;0.0002360299;56.82556;-1.48449E-08
/Users/saminda/Udacity/RoboND/RoboND-Rover-Project/IMG/robocam_2018_07_04_16_04_49_817.jpg;0;0.1002481;0;0;99.66988;85.58881;-0.004256454;56.82555;-1.982272E-07
/Users/saminda/Udacity/RoboND/RoboND-Rover-Project/IMG/robocam_2018_07_04_16_04_49_883.jpg;0;0.3001471;0;0;99.67017;85.58927;0.007329118;56.82743;-2.18175E-06
/Users/saminda/Udacity/RoboND/RoboND-Rover-Project/IMG/robocam_2018_07_04_16_04_49_950.jpg;0;0.501954;0;0.03442603;99.67273;85.59318;0.1077939;56.82979;-3.320718E-05
/Users/saminda/Udacity/RoboND/RoboND-Rover-Project/IMG/robocam_2018_07_04_16_04_50_017.jpg;0;0.7008959;0;0.0659962;99.67606;85.59829;0.2294165;56.98127;-0.0005349668
/Users/saminda/Udacity/RoboND/RoboND-Rover-Project/IMG/robocam_2018_07_04_16_04_50_083.jpg;0;0.900915;0;0.1035995;99.68122;85.60617;0.4100298;56.93988;-0.0005192411
/Users/saminda/Udacity/RoboND/RoboND-Rover-Project/IMG/robocam_2018_07_04_16_04_50_150.jpg;0;1;0;0.1483541;99.69069;85.62057;0.6862692;56.93089;-0.0003681095
/Users/saminda/Udacity/RoboND/RoboND-Rover-Project/IMG/robocam_2018_07_04_16_04_50_217.jpg;0;1;0;0.2027908;99.70042;85.63543;0.9425215;56.9519;-0.0006896488
/Users/saminda/Udacity/RoboND/RoboND-Rover-Project/IMG/robocam_2018_07_04_16_04_50_283.jpg;0;1;0;0.2668003;99.71157;85.65244;1.192707;56.94207;-0.0008939346
/Users/saminda/Udacity/RoboND/RoboND-Rover-Project/IMG/robocam_2018_07_04_16_04_50_350.jpg;0;1;0;0.3157941;99.72689;85.67503;1.291898;56.93702;-0.005472986
/Users/saminda/Udacity/RoboND/RoboND-Rover-Project/IMG/robocam_2018_07_04_16_04_50_416.jpg;0;1;0;0.3578683;99.73873;85.6928;1.172679;56.88023;0.0003365907
/Users/saminda/Udacity/RoboND/RoboND-Rover-Project/IMG/robocam_2018_07_04_16_04_50_483.jpg;0;1;0;0.451234;99.75349;85.71521;1.141311;56.89807;-0.0007357253
/Users/saminda/Udacity/RoboND/RoboND-Rover-Project/IMG/robocam_2018_07_04_16_04_50_550.jpg;0;1;0;0.4896644;99.77576;85.74895;1.15764;56.68369;0.000901929
/Users/saminda/Udacity/RoboND/RoboND-Rover-Project/IMG/robocam_2018_07_04_16_04_50_617.jpg;0;1;0;0.5309301;99.79446;85.77723;1.198057;56.78102;-0.001722865
/Users/saminda/Udacity/RoboND/RoboND-Rover-Project/IMG/robocam_2018_07_04_16_04_50_683.jpg;0;1;0;0.6006265;99.81496;85.80811;1.233608;56.78272;-0.001428534
/Users/saminda/Udacity/RoboND/RoboND-Rover-Project/IMG/robocam_2018_07_04_16_04_50_750.jpg;0;1;0;0.6552197;99.84426;85.85252;1.222815;56.55315;0.0006321498
/Users/saminda/Udacity/RoboND/RoboND-Rover-Project/IMG/robocam_2018_07_04_16_04_50_817.jpg;0;1;0;0.7065974;99.86792;85.88806;1.188751;56.45566;0.0001721525
/Users/saminda/Udacity/RoboND/RoboND-Rover-Project/IMG/robocam_2018_07_04_16_04_50_883.jpg;0;1;0;0.7710313;99.89375;85.92657;1.192353;56.23016;0.0004740804
/Users/saminda/Udacity/RoboND/RoboND-Rover-Project/IMG/robocam_2018_07_04_16_04_50_950.jpg;0;1;0;0.8194966;99.93108;85.98207;1.208032;56.18645;-0.001137773
/Users/saminda/Udacity/RoboND/RoboND-Rover-Project/IMG/robocam_2018_07_04_16_04_51_017.jpg;0;1;0;0.8803924;99.9612;86.02674;1.220775;56.13201;6.22062E-05
/Users/saminda/Udacity/RoboND/RoboND-Rover-Project/IMG/robocam_2018_07_04_16_04_51_083.jpg;0;1;0;0.9452149;99.99304;86.07384;1.226694;56.12605;-0.001093721
/Users/saminda/Udacity/RoboND/RoboND-Rover-Project/IMG/robocam_2018_07_04_16_04_51_150.jpg;0;1;0;0.9938932;100.0379;86.14009;1.216302;56.11622;-0.001028229
/Users/saminda/Udacity/RoboND/RoboND-Rover-Project/IMG/robocam_2018_07_04_16_04_51_217.jpg;0;1;0;1.03746;100.0732;86.19234;1.213631;56.10526;-0.0006628905
/Users/saminda/Udacity/RoboND/RoboND-Rover-Project/IMG/robocam_2018_07_04_16_04_51_283.jpg;-1.507364;1;0;1.103182;100.1106;86.24721;1.222917;56.09302;-0.000757363
/Users/saminda/Udacity/RoboND/RoboND-Rover-Project/IMG/robocam_2018_07_04_16_04_51_350.jpg;-4.518406;1;0;1.145008;100.1641;86.32274;1.228124;55.71035;0.001066501
/Users/saminda/Udacity/RoboND/RoboND-Rover-Project/IMG/robocam_2018_07_04_16_04_51_417.jpg;-7.495245;1;0;1.192476;100.2075;86.38064;1.219196;55.15796;0.002152637
/Users/saminda/Udacity/RoboND/RoboND-Rover-Project/IMG/robocam_2018_07_04_16_04_51_483.jpg;-10.50489;1;0;1.25522;100.2542;86.43992;1.221955;54.41337;0.001451345
/Users/saminda/Udacity/RoboND/RoboND-Rover-Project/IMG/robocam_2018_07_04_16_04_51_550.jpg;-10.49562;1;0;1.298614;100.3213;86.52023;1.222285;53.10382;359.9854
/Users/saminda/Udacity/RoboND/RoboND-Rover-Project/IMG/robocam_2018_07_04_16_04_51_617.jpg;-7.506714;1;0;1.347811;100.3738;86.58308;1.226059;52.30101;0.00266788
/Users/saminda/Udacity/RoboND/RoboND-Rover-Project/IMG/robocam_2018_07_04_16_04_51_683.jpg;-4.481231;1;0;1.411441;100.4286;86.64811;1.241452;51.7113;0.002758149
/Users/saminda/Udacity/RoboND/RoboND-Rover-Project/IMG/robocam_2018_07_04_16_04_51_750.jpg;-1.493411;1;0;1.458072;100.5037;86.73851;1.252256;51.29659;0.0007120572
/Users/saminda/Udacity/RoboND/RoboND-Rover-Project/IMG/robocam_2018_07_04_16_04_51_817.jpg;0;1;0;1.505267;100.5613;86.80933;1.251961;51.22931;-0.000646034
/Users/saminda/Udacity/RoboND/RoboND-Rover-Project/IMG/robocam_2018_07_04_16_04_51_883.jpg;0;1;0;1.568288;100.6207;86.88255;1.258645;51.21058;-0.0009655575
/Users/saminda/Udacity/RoboND/RoboND-Rover-Project/IMG/robocam_2018_07_04_16_04_51_950.jpg;0;1;0;1.614815;100.7025;86.98347;1.262224;51.19427;-0.000973458
/Users/saminda/Udacity/RoboND/RoboND-Rover-Project/IMG/robocam_2018_07_04_16_04_52_017.jpg;0;1;0;1.660241;100.7659;87.0617;1.267789;51.18252;-0.001003616
/Users/saminda/Udacity/RoboND/RoboND-Rover-Project/IMG/robocam_2018_07_04_16_04_52_083.jpg;0;1;0;1.721619;100.831;87.142;1.269843;51.17257;-0.001010022
/Users/saminda/Udacity/RoboND/RoboND-Rover-Project/IMG/robocam_2018_07_04_16_04_52_149.jpg;0;1;0;1.767394;100.9206;87.25242;1.275454;51.15887;-0.00106193
/Users/saminda/Udacity/RoboND/RoboND-Rover-Project/IMG/robocam_2018_07_04_16_04_52_216.jpg;0;1;0;1.813838;100.9899;87.33772;1.280765;51.1477;-0.001081948
/Users/saminda/Udacity/RoboND/RoboND-Rover-Project/IMG/robocam_2018_07_04_16_04_52_283.jpg;-3.016798;1;0;1.874425;101.0614;87.42451;1.280611;50.98556;-0.0002760246
/Users/saminda/Udacity/RoboND/RoboND-Rover-Project/IMG/robocam_2018_07_04_16_04_52_349.jpg;-6.015106;1;0;1.918725;101.1618;87.54147;1.280321;50.29549;0.001993285
/Users/saminda/Udacity/RoboND/RoboND-Rover-Project/IMG/robocam_2018_07_04_16_04_52_417.jpg;-9.011112;1;0;1.961829;101.2414;87.6293;1.276586;49.39247;359.9908
/Users/saminda/Udacity/RoboND/RoboND-Rover-Project/IMG/robocam_2018_07_04_16_04_52_483.jpg;-9.031448;1;0;2.017871;101.3249;87.71671;1.261791;48.22628;359.9545
/Users/saminda/Udacity/RoboND/RoboND-Rover-Project/IMG/robocam_2018_07_04_16_04_52_550.jpg;-6.03931;1;0;2.063609;101.4397;87.83548;1.229036;46.98264;359.9542
/Users/saminda/Udacity/RoboND/RoboND-Rover-Project/IMG/robocam_2018_07_04_16_04_52_616.jpg;-3.05392;1;0;2.108623;101.5285;87.92701;1.230783;46.41413;359.9706
/Users/saminda/Udacity/RoboND/RoboND-Rover-Project/IMG/robocam_2018_07_04_16_04_52_682.jpg;-0.05673945;1;0;2.167601;101.6191;88.02134;1.273195;46.16983;-0.001809993
/Users/saminda/Udacity/RoboND/RoboND-Rover-Project/IMG/robocam_2018_07_04_16_04_52_749.jpg;0;1;0;2.209674;101.743;88.14989;1.332718;46.10556;-0.001342442
/Users/saminda/Udacity/RoboND/RoboND-Rover-Project/IMG/robocam_2018_07_04_16_04_52_816.jpg;0;1;0;2.254583;101.8378;88.24782;1.334944;46.0867;-0.001326431
/Users/saminda/Udacity/RoboND/RoboND-Rover-Project/IMG/robocam_2018_07_04_16_04_52_883.jpg;0;1;0;2.314935;101.9343;88.34732;1.316506;46.07001;-0.001255379
/Users/saminda/Udacity/RoboND/RoboND-Rover-Project/IMG/robocam_2018_07_04_16_04_52_950.jpg;0;1;0;2.358687;102.0663;88.48325;1.325478;46.05214;-0.001260507
/Users/saminda/Udacity/RoboND/RoboND-Rover-Project/IMG/robocam_2018_07_04_16_04_53_017.jpg;0;1;0;2.400797;102.1674;88.58727;1.326624;46.03943;-0.001268941
/Users/saminda/Udacity/RoboND/RoboND-Rover-Project/IMG/robocam_2018_07_04_16_04_53_083.jpg;0;1;0;2.459259;102.2704;88.69318;1.331293;46.02735;-0.001305185
/Users/saminda/Udacity/RoboND/RoboND-Rover-Project/IMG/robocam_2018_07_04_16_04_53_150.jpg;0;1;0;2.502359;102.4105;88.8372;1.335741;46.01362;-0.001326645
/Users/saminda/Udacity/RoboND/RoboND-Rover-Project/IMG/robocam_2018_07_04_16_04_53_216.jpg;0;1;0;2.545627;102.5177;88.9473;1.333795;46.00033;-0.001316182
/Users/saminda/Udacity/RoboND/RoboND-Rover-Project/IMG/robocam_2018_07_04_16_04_53_283.jpg;0;1;0;2.602633;102.6267;89.05924;1.334496;45.98817;-0.001321733
/Users/saminda/Udacity/RoboND/RoboND-Rover-Project/IMG/robocam_2018_07_04_16_04_53_350.jpg;0;1;0;2.645205;102.7749;89.21136;1.339062;45.97197;-0.001329475
/Users/saminda/Udacity/RoboND/RoboND-Rover-Project/IMG/robocam_2018_07_04_16_04_53_417.jpg;-3.01167;0.799222;0;2.686805;102.8887;89.32654;1.340177;45.75552;-0.0004895597
/Users/saminda/Udacity/RoboND/RoboND-Rover-Project/IMG/robocam_2018_07_04_16_04_53_483.jpg;-6.025862;0.5982759;0;2.726206;103.0051;89.44125;1.3278;45.20786;0.0008659589
/Users/saminda/Udacity/RoboND/RoboND-Rover-Project/IMG/robocam_2018_07_04_16_04_53_550.jpg;-9.022141;0.3985239;0;2.743067;103.1646;89.59039;1.254757;43.86795;359.9367
/Users/saminda/Udacity/RoboND/RoboND-Rover-Project/IMG/robocam_2018_07_04_16_04_53_617.jpg;-12.01401;0.1990659;0;2.751535;103.2874;89.69721;1.11791;42.41677;359.8143
/Users/saminda/Udacity/RoboND/RoboND-Rover-Project/IMG/robocam_2018_07_04_16_04_53_683.jpg;-15;0;0;2.745406;103.4127;89.79809;0.8972126;40.61755;359.6116
/Users/saminda/Udacity/RoboND/RoboND-Rover-Project/IMG/robocam_2018_07_04_16_04_53_750.jpg;-15;0;0;2.732768;103.5823;89.92294;0.4573676;37.94639;359.2542
/Users/saminda/Udacity/RoboND/RoboND-Rover-Project/IMG/robocam_2018_07_04_16_04_53_817.jpg;-15;0;0;2.719935;103.7114;90.00982;0.059607;35.95168;358.9207
/Users/saminda/Udacity/RoboND/RoboND-Rover-Project/IMG/robocam_2018_07_04_16_04_53_883.jpg;-15;0;0;2.703208;103.8424;90.09426;359.7323;34.05589;358.6592
/Users/saminda/Udacity/RoboND/RoboND-Rover-Project/IMG/robocam_2018_07_04_16_04_53_950.jpg;-15;0;0;2.689148;104.0219;90.20691;359.6208;31.60032;358.6919
/Users/saminda/Udacity/RoboND/RoboND-Rover-Project/IMG/robocam_2018_07_04_16_04_54_016.jpg;-12.00678;0;0;2.67128;104.1617;90.28769;359.7405;29.99582;358.8941
/Users/saminda/Udacity/RoboND/RoboND-Rover-Project/IMG/robocam_2018_07_04_16_04_54_083.jpg;-9.003975;0;0;2.64862;104.305;90.3626;359.9233;28.62686;359.0555
/Users/saminda/Udacity/RoboND/RoboND-Rover-Project/IMG/robocam_2018_07_04_16_04_54_150.jpg;-5.99046;0;0;2.640219;104.4966;90.45699;0.08984915;27.18755;359.203
/Users/saminda/Udacity/RoboND/RoboND-Rover-Project/IMG/robocam_2018_07_04_16_04_54_217.jpg;-2.999175;0;0;2.632914;104.6394;90.52626;0.153409;26.51722;359.3113
/Users/saminda/Udacity/RoboND/RoboND-Rover-Project/IMG/robocam_2018_07_04_16_04_54_283.jpg;0;0;0;2.622012;104.7813;90.59541;0.1849208;26.21373;359.4298
/Users/saminda/Udacity/RoboND/RoboND-Rover-Project/IMG/robocam_2018_07_04_16_04_54_350.jpg;0;0;0;2.613361;104.9688;90.68744;0.1828037;26.13934;359.5991
/Users/saminda/Udacity/RoboND/RoboND-Rover-Project/IMG/robocam_2018_07_04_16_04_54_417.jpg;0;0;0;2.604822;105.1085;90.75591;0.1532439;26.1315;359.7209
/Users/saminda/Udacity/RoboND/RoboND-Rover-Project/IMG/robocam_2018_07_04_16_04_54_484.jpg;0;0;0;2.593413;105.2475;90.82394;0.104118;26.12991;359.8367
/Users/saminda/Udacity/RoboND/RoboND-Rover-Project/IMG/robocam_2018_07_04_16_04_54_550.jpg;0;0;0;2.584832;105.4317;90.91409;0.01487348;26.12955;359.9793
/Users/saminda/Udacity/RoboND/RoboND-Rover-Project/IMG/robocam_2018_07_04_16_04_54_617.jpg;0;0;0;2.576232;105.5691;90.98132;359.9351;26.12955;0.0756086
/Users/saminda/Udacity/RoboND/RoboND-Rover-Project/IMG/robocam_2018_07_04_16_04_54_683.jpg;-1.504349;0;0;2.564734;105.7061;91.04806;359.8484;26.09909;0.1562901
/Users/saminda/Udacity/RoboND/RoboND-Rover-Project/IMG/robocam_2018_07_04_16_04_54_750.jpg;-4.498381;0;0;2.555686;105.8897;91.1334;359.7403;25.59328;0.1539139
/Users/saminda/Udacity/RoboND/RoboND-Rover-Project/IMG/robocam_2018_07_04_16_04_54_817.jpg;-7.486153;0;0;2.545666;106.0284;91.1937;359.6654;24.79761;0.0536751
/Users/saminda/Udacity/RoboND/RoboND-Rover-Project/IMG/robocam_2018_07_04_16_04_54_883.jpg;-10.49391;0;0;2.53066;106.1681;91.25024;359.5971;23.65564;359.8831
/Users/saminda/Udacity/RoboND/RoboND-Rover-Project/IMG/robocam_2018_07_04_16_04_54_949.jpg;-13.48528;0;0;2.515989;106.3567;91.31821;359.5641;21.57867;359.559
/Users/saminda/Udacity/RoboND/RoboND-Rover-Project/IMG/robocam_2018_07_04_16_04_55_016.jpg;-15;0;0;2.499458;106.4998;91.36268;359.5802;19.68914;359.2409
/Users/saminda/Udacity/RoboND/RoboND-Rover-Project/IMG/robocam_2018_07_04_16_04_55_082.jpg;-15;0;0;2.481005;106.6447;91.4043;359.7118;17.83173;358.986
/Users/saminda/Udacity/RoboND/RoboND-Rover-Project/IMG/robocam_2018_07_04_16_04_55_149.jpg;-15;0;0;2.467787;106.8403;91.45393;0.02636058;15.36973;358.7896
/Users/saminda/Udacity/RoboND/RoboND-Rover-Project/IMG/robocam_2018_07_04_16_04_55_217.jpg;-15;0;0;2.451007;106.9829;91.48641;0.02630039;13.45119;358.8542
/Users/saminda/Udacity/RoboND/RoboND-Rover-Project/IMG/robocam_2018_07_04_16_04_55_283.jpg;1.498818;0;0;2.439386;107.1232;91.51939;359.9154;12.85087;359.0672
/Users/saminda/Udacity/RoboND/RoboND-Rover-Project/IMG/robocam_2018_07_04_16_04_55_350.jpg;4.488618;0;0;2.429641;107.3092;91.56548;359.7602;13.24042;359.4118
/Users/saminda/Udacity/RoboND/RoboND-Rover-Project/IMG/robocam_2018_07_04_16_04_55_416.jpg;7.481523;0;0;2.419216;107.4471;91.60313;359.6395;14.01001;359.7344
/Users/saminda/Udacity/RoboND/RoboND-Rover-Project/IMG/robocam_2018_07_04_16_04_55_483.jpg;10.48968;0;0;2.403067;107.5833;91.64434;359.5231;15.12675;0.1239323
/Users/saminda/Udacity/RoboND/RoboND-Rover-Project/IMG/robocam_2018_07_04_16_04_55_550.jpg;13.48974;0;0;2.387593;107.7628;91.70531;359.4638;17.12726;0.6665226
/Users/saminda/Udacity/RoboND/RoboND-Rover-Project/IMG/robocam_2018_07_04_16_04_55_616.jpg;15;0;0;2.370146;107.8969;91.7556;359.5529;18.82501;1.024664
/Users/saminda/Udacity/RoboND/RoboND-Rover-Project/IMG/robocam_2018_07_04_16_04_55_683.jpg;15;0;0;2.350186;108.0316;91.80939;359.8186;20.56683;1.234706
/Users/saminda/Udacity/RoboND/RoboND-Rover-Project/IMG/robocam_2018_07_04_16_04_55_750.jpg;15;0;0;2.335418;108.2068;91.88422;0.08786961;22.999;1.187762
/Users/saminda/Udacity/RoboND/RoboND-Rover-Project/IMG/robocam_2018_07_04_16_04_55_816.jpg;15;0;0;2.320569;108.329;91.94505;359.9883;24.91068;1.06536
/Users/saminda/Udacity/RoboND/RoboND-Rover-Project/IMG/robocam_2018_07_04_16_04_55_883.jpg;15;0;0;2.306057;108.4475;92.01212;359.9016;26.77753;1.040478
/Users/saminda/Udacity/RoboND/RoboND-Rover-Project/IMG/robocam_2018_07_04_16_04_55_951.jpg;15;0;0;2.295925;108.603;92.10733;359.8759;29.20945;1.039302
/Users/saminda/Udacity/RoboND/RoboND-Rover-Project/IMG/robocam_2018_07_04_16_04_56_017.jpg;15;0;0;2.28509;108.7171;92.18332;359.9218;31.04114;1.063017
/Users/saminda/Udacity/RoboND/RoboND-Rover-Project/IMG/robocam_2018_07_04_16_04_56_084.jpg;15;0;0;2.270088;108.8286;92.26302;0.003398126;32.90867;1.105525
/Users/saminda/Udacity/RoboND/RoboND-Rover-Project/IMG/robocam_2018_07_04_16_04_56_151.jpg;15;0;0;2.260431;108.9715;92.37231;0.004477562;35.39973;1.113866
/Users/saminda/Udacity/RoboND/RoboND-Rover-Project/IMG/robocam_2018_07_04_16_04_56_217.jpg;15;0;0;2.250425;109.0743;92.45777;359.9778;37.25076;1.104192
/Users/saminda/Udacity/RoboND/RoboND-Rover-Project/IMG/robocam_2018_07_04_16_04_56_283.jpg;15;0;0;2.236827;109.1741;92.54686;359.9891;39.09088;1.113051
/Users/saminda/Udacity/RoboND/RoboND-Rover-Project/IMG/robocam_2018_07_04_16_04_56_350.jpg;15;0;0;2.226062;109.3021;92.66999;0.01347292;41.56149;1.150033
/Users/saminda/Udacity/RoboND/RoboND-Rover-Project/IMG/robocam_2018_07_04_16_04_56_419.jpg;15;0;0;2.216502;109.3941;92.76426;359.988;43.39041;1.142429
/Users/saminda/Udacity/RoboND/RoboND-Rover-Project/IMG/robocam_2018_07_04_16_04_56_483.jpg;15;0;0;2.203075;109.4827;92.86189;0.007643595;45.21533;1.128835
/Users/saminda/Udacity/RoboND/RoboND-Rover-Project/IMG/robocam_2018_07_04_16_04_56_550.jpg;15;0;0;2.193706;109.5949;92.99502;359.9875;47.64032;1.101351
/Users/saminda/Udacity/RoboND/RoboND-Rover-Project/IMG/robocam_2018_07_04_16_04_56_618.jpg;15;0;0;2.183306;109.6745;93.09808;359.9906;49.46733;1.120567
/Users/saminda/Udacity/RoboND/RoboND-Rover-Project/IMG/robocam_2018_07_04_16_04_56_684.jpg;15;0;0;2.170187;109.751;93.20279;359.9925;51.27961;1.119863
/Users/saminda/Udacity/RoboND/RoboND-Rover-Project/IMG/robocam_2018_07_04_16_04_56_750.jpg;15;0;0;2.160107;109.8469;93.3456;0.00321862;53.69603;1.122488
/Users/saminda/Udacity/RoboND/RoboND-Rover-Project/IMG/robocam_2018_07_04_16_04_56_817.jpg;15;0;0;2.150772;109.9145;93.4541;359.9795;55.49617;1.111398
/Users/saminda/Udacity/RoboND/RoboND-Rover-Project/IMG/robocam_2018_07_04_16_04_56_883.jpg;15;0;0;2.13799;109.9782;93.56493;359.991;57.29342;1.10947
/Users/saminda/Udacity/RoboND/RoboND-Rover-Project/IMG/robocam_2018_07_04_16_04_56_950.jpg;15;0;0;2.127798;110.0574;93.71465;359.9937;59.68645;1.119644
/Users/saminda/Udacity/RoboND/RoboND-Rover-Project/IMG/robocam_2018_07_04_16_04_57_017.jpg;15;0;0;2.119127;110.1123;93.82845;359.9934;61.47952;1.121603
/Users/saminda/Udacity/RoboND/RoboND-Rover-Project/IMG/robocam_2018_07_04_16_04_57_083.jpg;15;0;0;2.105937;110.1635;93.94321;359.9883;63.26408;1.108161
/Users/saminda/Udacity/RoboND/RoboND-Rover-Project/IMG/robocam_2018_07_04_16_04_57_150.jpg;15;0;0;2.096529;110.2254;94.09813;359.9904;65.63545;1.104879
/Users/saminda/Udacity/RoboND/RoboND-Rover-Project/IMG/robocam_2018_07_04_16_04_57_217.jpg;15;0;0;2.087397;110.2674;94.21531;359.9913;67.41461;1.11866
/Users/saminda/Udacity/RoboND/RoboND-Rover-Project/IMG/robocam_2018_07_04_16_04_57_283.jpg;15;0;0;2.075352;110.3058;94.33314;359.994;69.17479;1.104579
/Users/saminda/Udacity/RoboND/RoboND-Rover-Project/IMG/robocam_2018_07_04_16_04_57_350.jpg;15;0;0;2.065305;110.3507;94.49109;359.9863;71.53415;1.108876
/Users/saminda/Udacity/RoboND/RoboND-Rover-Project/IMG/robocam_2018_07_04_16_04_57_417.jpg;15;0;0;2.056956;110.3798;94.61005;359.9767;73.29582;1.113323
/Users/saminda/Udacity/RoboND/RoboND-Rover-Project/IMG/robocam_2018_07_04_16_04_57_483.jpg;15;0;0;2.044474;110.4053;94.72975;-0.003742824;75.05006;1.115058
/Users/saminda/Udacity/RoboND/RoboND-Rover-Project/IMG/robocam_2018_07_04_16_04_57_550.jpg;15;0;0;2.034611;110.4336;94.88915;-0.003384439;77.38641;1.113513
/Users/saminda/Udacity/RoboND/RoboND-Rover-Project/IMG/robocam_2018_07_04_16_04_57_616.jpg;15;0;0;2.02641;110.4501;95.00873;359.9924;79.13368;1.113386
/Users/saminda/Udacity/RoboND/RoboND-Rover-Project/IMG/robocam_2018_07_04_16_04_57_683.jpg;15;0;0;2.014147;110.463;95.12857;0.008732677;80.87717;1.116386
/Users/saminda/Udacity/RoboND/RoboND-Rover-Project/IMG/robocam_2018_07_04_16_04_57_750.jpg;15;0;0;2.005734;110.4747;95.2873;359.9896;83.18418;1.097349
/Users/saminda/Udacity/RoboND/RoboND-Rover-Project/IMG/robocam_2018_07_04_16_04_57_817.jpg;15;0;0;1.996103;110.4786;95.40622;359.9875;84.92092;1.113298
/Users/saminda/Udacity/RoboND/RoboND-Rover-Project/IMG/robocam_2018_07_04_16_04_57_883.jpg;15;0;0;1.984453;110.4793;95.52509;0.01114447;86.64632;1.118115
/Users/saminda/Udacity/RoboND/RoboND-Rover-Project/IMG/robocam_2018_07_04_16_04_57_950.jpg;15;0;0;1.976159;110.475;95.68192;-0.003636502;88.93258;1.099262
/Users/saminda/Udacity/RoboND/RoboND-Rover-Project/IMG/robocam_2018_07_04_16_04_58_017.jpg;15;0;0;1.96666;110.4669;95.79887;-0.005308571;90.65765;1.116401
/Users/saminda/Udacity/RoboND/RoboND-Rover-Project/IMG/robocam_2018_07_04_16_04_58_083.jpg;15;0;0;1.955304;110.4561;95.91501;359.9898;92.35989;1.106495
/Users/saminda/Udacity/RoboND/RoboND-Rover-Project/IMG/robocam_2018_07_04_16_04_58_150.jpg;15;0;0;1.946387;110.4359;96.06867;-0.001974648;94.62061;1.099189
/Users/saminda/Udacity/RoboND/RoboND-Rover-Project/IMG/robocam_2018_07_04_16_04_58_217.jpg;15;0;0;1.937762;110.4167;96.18254;-0.005082274;96.33038;1.11124
/Users/saminda/Udacity/RoboND/RoboND-Rover-Project/IMG/robocam_2018_07_04_16_04_58_283.jpg;15;0;0;1.927006;110.3946;96.29532;359.9892;98.02109;1.098629
/Users/saminda/Udacity/RoboND/RoboND-Rover-Project/IMG/robocam_2018_07_04_16_04_58_350.jpg;15;0;0;1.917875;110.3596;96.444;-1.469424E-05;100.2741;1.106561
/Users/saminda/Udacity/RoboND/RoboND-Rover-Project/IMG/robocam_2018_07_04_16_04_58_417.jpg;15;0;0;1.909391;110.3298;96.55383;-0.002516725;101.9643;1.120153
/Users/saminda/Udacity/RoboND/RoboND-Rover-Project/IMG/robocam_2018_07_04_16_04_58_483.jpg;15;0;0;1.898778;110.2974;96.66244;-0.0004475908;103.6281;1.095575
/Users/saminda/Udacity/RoboND/RoboND-Rover-Project/IMG/robocam_2018_07_04_16_04_58_550.jpg;15;0;0;1.889724;110.2488;96.8045;359.989;105.8631;1.09127
/Users/saminda/Udacity/RoboND/RoboND-Rover-Project/IMG/robocam_2018_07_04_16_04_58_617.jpg;15;0;0;1.882119;110.2088;96.90919;359.9813;107.5311;1.095173
/Users/saminda/Udacity/RoboND/RoboND-Rover-Project/IMG/robocam_2018_07_04_16_04_58_683.jpg;15;0;0;1.870944;110.1659;97.01257;-0.005477492;109.1928;1.099746
/Users/saminda/Udacity/RoboND/RoboND-Rover-Project/IMG/robocam_2018_07_04_16_04_58_750.jpg;15;0;0;1.862174;110.1048;97.14748;359.9918;111.4045;1.105017
/Users/saminda/Udacity/RoboND/RoboND-Rover-Project/IMG/robocam_2018_07_04_16_04_58_817.jpg;15;0;0;1.854701;110.0557;97.24641;359.9873;113.0536;1.104641
/Users/saminda/Udacity/RoboND/RoboND-Rover-Project/IMG/robocam_2018_07_04_16_04_58_883.jpg;15;0;0;1.843604;110.0038;97.34377;0.003346979;114.6987;1.103298
/Users/saminda/Udacity/RoboND/RoboND-Rover-Project/IMG/robocam_2018_07_04_16_04_58_950.jpg;15;0;0;1.835733;109.931;97.47017;-0.004242695;116.8834;1.09499
/Users/saminda/Udacity/RoboND/RoboND-Rover-Project/IMG/robocam_2018_07_04_16_04_59_018.jpg;15;0;0;1.827332;109.8732;97.56252;-0.003304638;118.529;1.108167
/Users/saminda/Udacity/RoboND/RoboND-Rover-Project/IMG/robocam_2018_07_04_16_04_59_084.jpg;15;0;0;1.816684;109.8135;97.65289;359.9892;120.1616;1.099742
/Users/saminda/Udacity/RoboND/RoboND-Rover-Project/IMG/robocam_2018_07_04_16_04_59_150.jpg;15;0;0;1.808767;109.73;97.76998;359.9861;122.3248;1.091205
/Users/saminda/Udacity/RoboND/RoboND-Rover-Project/IMG/robocam_2018_07_04_16_04_59_217.jpg;15;0;0;1.800856;109.6646;97.8552;359.988;123.9512;1.103535
/Users/saminda/Udacity/RoboND/RoboND-Rover-Project/IMG/robocam_2018_07_04_16_04_59_283.jpg;15;0;0;1.790165;109.5971;97.93855;0.0102928;125.569;1.108171
/Users/saminda/Udacity/RoboND/RoboND-Rover-Project/IMG/robocam_2018_07_04_16_04_59_349.jpg;15;0;0;1.782869;109.5047;98.04566;-0.00400145;127.7123;1.091815
/Users/saminda/Udacity/RoboND/RoboND-Rover-Project/IMG/robocam_2018_07_04_16_04_59_416.jpg;15;0;0;1.774703;109.4326;98.12309;359.9934;129.3243;1.098651
/Users/saminda/Udacity/RoboND/RoboND-Rover-Project/IMG/robocam_2018_07_04_16_04_59_483.jpg;15;0;0;1.76429;109.3587;98.19842;0.005888076;130.9282;1.102573
/Users/saminda/Udacity/RoboND/RoboND-Rover-Project/IMG/robocam_2018_07_04_16_04_59_550.jpg;15;0;0;1.757026;109.2579;98.29494;-0.004489142;133.0488;1.093572
/Users/saminda/Udacity/RoboND/RoboND-Rover-Project/IMG/robocam_2018_07_04_16_04_59_617.jpg;15;0;0;1.748979;109.1801;98.3643;-0.004850155;134.6449;1.100935
/Users/saminda/Udacity/RoboND/RoboND-Rover-Project/IMG/robocam_2018_07_04_16_04_59_683.jpg;15;0;0;1.73874;109.101;98.43138;359.9919;136.2283;1.092425
/Users/saminda/Udacity/RoboND/RoboND-Rover-Project/IMG/robocam_2018_07_04_16_04_59_750.jpg;15;0;0;1.731213;108.993;98.51683;359.9935;138.3302;1.081769
/Users/saminda/Udacity/RoboND/RoboND-Rover-Project/IMG/robocam_2018_07_04_16_04_59_817.jpg;15;0;0;1.723721;108.9102;98.57778;359.9941;139.9131;1.092786
/Users/saminda/Udacity/RoboND/RoboND-Rover-Project/IMG/robocam_2018_07_04_16_04_59_883.jpg;15;0;0;1.71366;108.8265;98.63642;359.9916;141.4815;1.08798
/Users/saminda/Udacity/RoboND/RoboND-Rover-Project/IMG/robocam_2018_07_04_16_04_59_950.jpg;15;0;0;1.706476;108.7127;98.71048;359.9925;143.5628;1.081839
/Users/saminda/Udacity/RoboND/RoboND-Rover-Project/IMG/robocam_2018_07_04_16_05_00_016.jpg;15;0;0;1.698806;108.626;98.76284;-0.005693817;145.1296;1.092775
/Users/saminda/Udacity/RoboND/RoboND-Rover-Project/IMG/robocam_2018_07_04_16_05_00_083.jpg;15;0;0;1.68889;108.5385;98.81285;359.9925;146.6823;1.086805
/Users/saminda/Udacity/RoboND/RoboND-Rover-Project/IMG/robocam_2018_07_04_16_05_00_150.jpg;15;0;0;1.681825;108.4202;98.87532;359.9938;148.743;1.078128
/Users/saminda/Udacity/RoboND/RoboND-Rover-Project/IMG/robocam_2018_07_04_16_05_00_216.jpg;15;0;0;1.674294;108.3304;98.91895;-0.005017094;150.2939;1.08684
/Users/saminda/Udacity/RoboND/RoboND-Rover-Project/IMG/robocam_2018_07_04_16_05_00_283.jpg;15;0;0;1.66456;108.2401;98.96021;359.9921;151.831;1.079533
/Users/saminda/Udacity/RoboND/RoboND-Rover-Project/IMG/robocam_2018_07_04_16_05_00_350.jpg;15;0;0;1.657369;108.1185;99.01084;359.9857;153.8763;1.076395
/Users/saminda/Udacity/RoboND/RoboND-Rover-Project/IMG/robocam_2018_07_04_16_05_00_416.jpg;15;0;0;1.650259;108.0266;99.04569;359.9825;155.4098;1.085611
/Users/saminda/Udacity/RoboND/RoboND-Rover-Project/IMG/robocam_2018_07_04_16_05_00_483.jpg;15;0;0;1.640566;107.934;99.07819;-0.005344036;156.9336;1.086958
/Users/saminda/Udacity/RoboND/RoboND-Rover-Project/IMG/robocam_2018_07_04_16_05_00_550.jpg;15;0;0;1.633178;107.8101;99.11742;359.9937;158.9586;1.087513
/Users/saminda/Udacity/RoboND/RoboND-Rover-Project/IMG/robocam_2018_07_04_16_05_00_617.jpg;15;0;0;1.626413;107.7169;99.14359;359.9866;160.4727;1.084581
/Users/saminda/Udacity/RoboND/RoboND-Rover-Project/IMG/robocam_2018_07_04_16_05_00_683.jpg;15;0;0;1.616915;107.6233;99.16734;359.9929;161.9803;1.076817
/Users/saminda/Udacity/RoboND/RoboND-Rover-Project/IMG/robocam_2018_07_04_16_05_00_750.jpg;15;0;0;1.609722;107.4981;99.19489;0.001023354;163.9879;1.078766
/Users/saminda/Udacity/RoboND/RoboND-Rover-Project/IMG/robocam_2018_07_04_16_05_00_817.jpg;15;0;0;1.602829;107.4045;99.21261;359.9845;165.4842;1.071422
/Users/saminda/Udacity/RoboND/RoboND-Rover-Project/IMG/robocam_2018_07_04_16_05_00_883.jpg;15;0;0;1.593762;107.3106;99.22772;359.9826;166.9755;1.062578
/Users/saminda/Udacity/RoboND/RoboND-Rover-Project/IMG/robocam_2018_07_04_16_05_00_950.jpg;15;0;0;1.586697;107.1855;99.24393;359.9826;168.9609;1.062799
/Users/saminda/Udacity/RoboND/RoboND-Rover-Project/IMG/robocam_2018_07_04_16_05_01_017.jpg;15;0;0;1.579874;107.0917;99.25312;359.9832;170.4481;1.072218
/Users/saminda/Udacity/RoboND/RoboND-Rover-Project/IMG/robocam_2018_07_04_16_05_01_083.jpg;15;0;0;1.570601;106.998;99.26002;-0.003152346;171.9261;1.074144
/Users/saminda/Udacity/RoboND/RoboND-Rover-Project/IMG/robocam_2018_07_04_16_05_01_150.jpg;15;0;0;1.563544;106.8738;99.26546;-0.00448434;173.8892;1.074315
/Users/saminda/Udacity/RoboND/RoboND-Rover-Project/IMG/robocam_2018_07_04_16_05_01_217.jpg;15;0;0;1.557096;106.7811;99.26654;359.9872;175.3571;1.071668
/Users/saminda/Udacity/RoboND/RoboND-Rover-Project/IMG/robocam_2018_07_04_16_05_01_284.jpg;15;0;0;1.548057;106.6887;99.26533;359.9904;176.8177;1.063851
/Users/saminda/Udacity/RoboND/RoboND-Rover-Project/IMG/robocam_2018_07_04_16_05_01_350.jpg;15;0;0;1.541179;106.5662;99.25999;359.9941;178.7621;1.06352
/Users/saminda/Udacity/RoboND/RoboND-Rover-Project/IMG/robocam_2018_07_04_16_05_01_417.jpg;15;0;0;1.534568;106.4749;99.25323;-0.00475648;180.2181;1.071136
/Users/saminda/Udacity/RoboND/RoboND-Rover-Project/IMG/robocam_2018_07_04_16_05_01_483.jpg;15;0;0;1.525642;106.3843;99.24441;359.9917;181.6598;1.064206
/Users/saminda/Udacity/RoboND/RoboND-Rover-Project/IMG/robocam_2018_07_04_16_05_01_550.jpg;15;0;0;1.519084;106.2647;99.22894;359.9836;183.5795;1.060762
/Users/saminda/Udacity/RoboND/RoboND-Rover-Project/IMG/robocam_2018_07_04_16_05_01_617.jpg;15;0;0;1.5126;106.1757;99.21471;359.9782;185.0178;1.063765
/Users/saminda/Udacity/RoboND/RoboND-Rover-Project/IMG/robocam_2018_07_04_16_05_01_683.jpg;15;0;0;1.503762;106.0873;99.19843;359.9861;186.4475;1.058377
/Users/saminda/Udacity/RoboND/RoboND-Rover-Project/IMG/robocam_2018_07_04_16_05_01_750.jpg;15;0;0;1.497029;105.9708;99.17332;-0.004876435;188.3515;1.059477
/Users/saminda/Udacity/RoboND/RoboND-Rover-Project/IMG/robocam_2018_07_04_16_05_01_817.jpg;15;0;0;1.490597;105.8845;99.15211;359.9932;189.7747;1.060169
/Users/saminda/Udacity/RoboND/RoboND-Rover-Project/IMG/robocam_2018_07_04_16_05_01_883.jpg;15;0;0;1.482217;105.7993;99.12887;359.9869;191.1859;1.053666
/Users/saminda/Udacity/RoboND/RoboND-Rover-Project/IMG/robocam_2018_07_04_16_05_01_950.jpg;15;0;0;1.475596;105.6873;99.0944;359.9771;193.0773;1.066126
/Users/saminda/Udacity/RoboND/RoboND-Rover-Project/IMG/robocam_2018_07_04_16_05_02_017.jpg;15;0;0;1.462196;105.6062;99.06593;359.9158;194.5274;1.110685
/Users/saminda/Udacity/RoboND/RoboND-Rover-Project/IMG/robocam_2018_07_04_16_05_02_083.jpg;15;0;0;1.442598;105.5272;99.03631;359.818;195.9538;1.136822
/Users/saminda/Udacity/RoboND/RoboND-Rover-Project/IMG/robocam_2018_07_04_16_05_02_150.jpg;15;0;0;1.428595;105.4252;98.99487;359.6271;197.8288;1.139724
/Users/saminda/Udacity/RoboND/RoboND-Rover-Project/IMG/robocam_2018_07_04_16_05_02_217.jpg;15;0;0;1.415149;105.3513;98.96181;359.4444;199.2309;1.143925
/Users/saminda/Udacity/RoboND/RoboND-Rover-Project/IMG/robocam_2018_07_04_16_05_02_283.jpg;15;0;0;1.399023;105.2797;98.92692;359.2208;200.6554;1.168586
/Users/saminda/Udacity/RoboND/RoboND-Rover-Project/IMG/robocam_2018_07_04_16_05_02_350.jpg;15;0;0;1.389082;105.1857;98.87907;358.9507;202.5161;1.121703
/Users/saminda/Udacity/RoboND/RoboND-Rover-Project/IMG/robocam_2018_07_04_16_05_02_417.jpg;15;0;0;1.37783;105.1179;98.84077;358.7197;203.9377;1.120042
/Users/saminda/Udacity/RoboND/RoboND-Rover-Project/IMG/robocam_2018_07_04_16_05_02_483.jpg;15;0;0;1.359573;105.0512;98.80025;358.5472;205.4981;1.174984
/Users/saminda/Udacity/RoboND/RoboND-Rover-Project/IMG/robocam_2018_07_04_16_05_02_550.jpg;15;0;0;1.344786;104.9626;98.74256;358.4975;207.6616;1.271901
/Users/saminda/Udacity/RoboND/RoboND-Rover-Project/IMG/robocam_2018_07_04_16_05_02_617.jpg;15;0;0;1.326721;104.8976;98.69535;358.578;209.2476;1.458238
/Users/saminda/Udacity/RoboND/RoboND-Rover-Project/IMG/robocam_2018_07_04_16_05_02_683.jpg;15;0;0;1.303315;104.8334;98.6449;358.7933;210.8712;1.73439
/Users/saminda/Udacity/RoboND/RoboND-Rover-Project/IMG/robocam_2018_07_04_16_05_02_751.jpg;15;0;0;1.285833;104.7544;98.57922;358.8264;212.7687;2.201467
/Users/saminda/Udacity/RoboND/RoboND-Rover-Project/IMG/robocam_2018_07_04_16_05_02_817.jpg;15;0;0;1.267364;104.702;98.5309;358.5942;214.2347;2.659066
/Users/saminda/Udacity/RoboND/RoboND-Rover-Project/IMG/robocam_2018_07_04_16_05_02_883.jpg;15;0;0;1.241789;104.6477;98.4853;358.4416;215.4875;2.840615
/Users/saminda/Udacity/RoboND/RoboND-Rover-Project/IMG/robocam_2018_07_04_16_05_02_950.jpg;15;0;0;1.21872;104.5818;98.42155;358.2051;217.4116;3.15643
/Users/saminda/Udacity/RoboND/RoboND-Rover-Project/IMG/robocam_2018_07_04_16_05_03_017.jpg;15;0;0;1.197072;104.5346;98.37303;358.0635;218.9192;3.339418
/Users/saminda/Udacity/RoboND/RoboND-Rover-Project/IMG/robocam_2018_07_04_16_05_03_083.jpg;15;0;0;1.170843;104.4888;98.32387;357.9712;220.4741;3.461701
/Users/saminda/Udacity/RoboND/RoboND-Rover-Project/IMG/robocam_2018_07_04_16_05_03_151.jpg;15;0;0;1.159922;104.4299;98.25549;357.977;222.5971;3.513717
/Users/saminda/Udacity/RoboND/RoboND-Rover-Project/IMG/robocam_2018_07_04_16_05_03_217.jpg;15;0;0;1.142411;104.3908;98.20428;357.8621;224.2648;3.637177
/Users/saminda/Udacity/RoboND/RoboND-Rover-Project/IMG/robocam_2018_07_04_16_05_03_283.jpg;15;0;0;1.116358;104.353;98.15327;357.7621;225.9154;3.703817
/Users/saminda/Udacity/RoboND/RoboND-Rover-Project/IMG/robocam_2018_07_04_16_05_03_351.jpg;15;0;0;1.100527;104.306;98.08457;357.6452;228.0868;3.737579
/Users/saminda/Udacity/RoboND/RoboND-Rover-Project/IMG/robocam_2018_07_04_16_05_03_417.jpg;15;0;0;1.084747;104.2721;98.03201;357.6401;229.674;3.68303
/Users/saminda/Udacity/RoboND/RoboND-Rover-Project/IMG/robocam_2018_07_04_16_05_03_484.jpg;15;0;0;1.061224;104.2396;97.97596;357.817;231.2246;3.659935
/Users/saminda/Udacity/RoboND/RoboND-Rover-Project/IMG/robocam_2018_07_04_16_05_03_550.jpg;15;0;0;1.049569;104.1962;97.89539;358.4153;233.4446;3.650066
/Users/saminda/Udacity/RoboND/RoboND-Rover-Project/IMG/robocam_2018_07_04_16_05_03_617.jpg;15;0;0;1.047924;104.1633;97.83189;359.0399;234.9372;3.604257
/Users/saminda/Udacity/RoboND/RoboND-Rover-Project/IMG/robocam_2018_07_04_16_05_03_683.jpg;15;0;0;1.041054;104.135;97.7697;359.456;236.1285;3.639655
/Users/saminda/Udacity/RoboND/RoboND-Rover-Project/IMG/robocam_2018_07_04_16_05_03_750.jpg;15;0;0;1.042122;104.0965;97.69041;359.8466;237.7617;3.516386
/Users/saminda/Udacity/RoboND/RoboND-Rover-Project/IMG/robocam_2018_07_04_16_05_03_817.jpg;15;0;0;1.054105;104.0692;97.63031;0.08668394;238.9272;3.335725
/Users/saminda/Udacity/RoboND/RoboND-Rover-Project/IMG/robocam_2018_07_04_16_05_03_883.jpg;15;0;0;1.068845;104.0434;97.56878;0.3351576;240.0121;3.124938
/Users/saminda/Udacity/RoboND/RoboND-Rover-Project/IMG/robocam_2018_07_04_16_05_03_951.jpg;15;0;0;1.074461;104.0116;97.48717;0.5606091;241.4508;2.74137
/Users/saminda/Udacity/RoboND/RoboND-Rover-Project/IMG/robocam_2018_07_04_16_05_04_018.jpg;15;0;0;1.084368;103.9892;97.42585;0.6856686;242.5675;2.395355
/Users/saminda/Udacity/RoboND/RoboND-Rover-Project/IMG/robocam_2018_07_04_16_05_04_084.jpg;15;0;0;1.088465;103.9681;97.36246;0.8771171;243.7455;2.086433
/Users/saminda/Udacity/RoboND/RoboND-Rover-Project/IMG/robocam_2018_07_04_16_05_04_151.jpg;15;0;0;1.081137;103.9422;97.27703;1.144244;245.1462;1.771442
/Users/saminda/Udacity/RoboND/RoboND-Rover-Project/IMG/robocam_2018_07_04_16_05_04_217.jpg;15;0;0;1.073191;103.9262;97.2136;1.2487;246.008;1.688371
/Users/saminda/Udacity/RoboND/RoboND-Rover-Project/IMG/robocam_2018_07_04_16_05_04_284.jpg;15;0.0991348;0;1.061574;103.9107;97.15191;1.256353;246.8427;1.686962
/Users/saminda/Udacity/RoboND/RoboND-Rover-Project/IMG/robocam_2018_07_04_16_05_04_350.jpg;15;0.2992229;0;1.075018;103.889;97.07161;1.110733;248.0522;1.55146
/Users/saminda/Udacity/RoboND/RoboND-Rover-Project/IMG/robocam_2018_07_04_16_05_04_417.jpg;15;0.4990139;0;1.107412;103.8724;97.00936;0.9908133;249.0235;1.353029
/Users/saminda/Udacity/RoboND/RoboND-Rover-Project/IMG/robocam_2018_07_04_16_05_04_483.jpg;13.49309;0.6996449;0;1.169146;103.855;96.94572;0.8352717;250.1284;1.001837
/Users/saminda/Udacity/RoboND/RoboND-Rover-Project/IMG/robocam_2018_07_04_16_05_04_550.jpg;10.50504;0.8988479;0;1.203937;103.8314;96.85857;0.515404;251.4778;0.3974388
/Users/saminda/Udacity/RoboND/RoboND-Rover-Project/IMG/robocam_2018_07_04_16_05_04_618.jpg;7.486757;1;0;1.2544;103.8129;96.78791;0.3690132;252.2114;359.99
/Users/saminda/Udacity/RoboND/RoboND-Rover-Project/IMG/robocam_2018_07_04_16_05_04_684.jpg;4.484131;1;0;1.316683;103.7933;96.71306;0.2956196;252.7662;359.6453
/Users/saminda/Udacity/RoboND/RoboND-Rover-Project/IMG/robocam_2018_07_04_16_05_04_750.jpg;1.49231;1;0;1.36218;103.7647;96.60816;0.2695056;253.0948;359.283
/Users/saminda/Udacity/RoboND/RoboND-Rover-Project/IMG/robocam_2018_07_04_16_05_04_817.jpg;0;1;0;1.401248;103.7423;96.52597;0.305676;252.9353;359.1011
/Users/saminda/Udacity/RoboND/RoboND-Rover-Project/IMG/robocam_2018_07_04_16_05_04_883.jpg;0;1;0;1.447896;103.7205;96.44009;0.407981;252.6464;359.1143
/Users/saminda/Udacity/RoboND/RoboND-Rover-Project/IMG/robocam_2018_07_04_16_05_04_950.jpg;0;0.7997169;0;1.475223;103.6889;96.32468;0.4456754;252.3352;359.2731
/Users/saminda/Udacity/RoboND/RoboND-Rover-Project/IMG/robocam_2018_07_04_16_05_05_017.jpg;0;0.5998838;0;1.522734;103.6617;96.23712;0.4328828;252.3156;359.3856
/Users/saminda/Udacity/RoboND/RoboND-Rover-Project/IMG/robocam_2018_07_04_16_05_05_083.jpg;0;0.4002788;0;1.554085;103.6334;96.14797;0.4501683;252.3172;359.4915
/Users/saminda/Udacity/RoboND/RoboND-Rover-Project/IMG/robocam_2018_07_04_16_05_05_150.jpg;0;0.200038;0;1.566204;103.5953;96.02795;0.4848968;252.3214;359.6312
/Users/saminda/Udacity/RoboND/RoboND-Rover-Project/IMG/robocam_2018_07_04_16_05_05_217.jpg;0;0;0;1.570073;103.5667;95.93807;0.4967675;252.3231;359.7305
/Users/saminda/Udacity/RoboND/RoboND-Rover-Project/IMG/robocam_2018_07_04_16_05_05_283.jpg;0;0;0;1.56414;103.5382;95.84889;0.4845656;252.3232;359.8228
/Users/saminda/Udacity/RoboND/RoboND-Rover-Project/IMG/robocam_2018_07_04_16_05_05_350.jpg;0;0;0;1.55918;103.5005;95.73105;0.4311382;252.3231;359.9382
/Users/saminda/Udacity/RoboND/RoboND-Rover-Project/IMG/robocam_2018_07_04_16_05_05_417.jpg;0;0;0;1.554189;103.4724;95.64338;0.3684147;252.3232;0.01729081
/Users/saminda/Udacity/RoboND/RoboND-Rover-Project/IMG/robocam_2018_07_04_16_05_05_483.jpg;0;0.09917986;0;1.547486;103.4445;95.55622;0.2916037;252.3233;0.08889178
/Users/saminda/Udacity/RoboND/RoboND-Rover-Project/IMG/robocam_2018_07_04_16_05_05_550.jpg;0;0.3005998;0;1.549583;103.4072;95.43954;0.1998922;252.3233;0.1713915
/Users/saminda/Udacity/RoboND/RoboND-Rover-Project/IMG/robocam_2018_07_04_16_05_05_617.jpg;0;0.500532;0;1.560314;103.3787;95.3506;0.1647008;252.3232;0.2228775
/Users/saminda/Udacity/RoboND/RoboND-Rover-Project/IMG/robocam_2018_07_04_16_05_05_683.jpg;1.49994;0.7003859;0;1.588996;103.3498;95.25967;0.1694489;252.3492;0.2628673
/Users/saminda/Udacity/RoboND/RoboND-Rover-Project/IMG/robocam_2018_07_04_16_05_05_750.jpg;4.49388;0.899982;0;1.62041;103.3124;95.13368;0.2432836;252.7791;0.3393339
/Users/saminda/Udacity/RoboND/RoboND-Rover-Project/IMG/robocam_2018_07_04_16_05_05_817.jpg;7.500239;1;0;1.659376;103.286;95.03493;0.3492201;253.449;0.420305
/Users/saminda/Udacity/RoboND/RoboND-Rover-Project/IMG/robocam_2018_07_04_16_05_05_883.jpg;10.5053;1;0;1.715382;103.2617;94.93257;0.4855855;254.4182;0.5225488
/Users/saminda/Udacity/RoboND/RoboND-Rover-Project/IMG/robocam_2018_07_04_16_05_05_950.jpg;13.50454;1;0;1.755229;103.2337;94.79163;0.6543511;256.2153;0.6713532
/Users/saminda/Udacity/RoboND/RoboND-Rover-Project/IMG/robocam_2018_07_04_16_05_06_017.jpg;15;1;0;1.791493;103.2161;94.68578;0.6238698;257.8489;0.6867661
/Users/saminda/Udacity/RoboND/RoboND-Rover-Project/IMG/robocam_2018_07_04_16_05_06_084.jpg;15;1;0;1.852796;103.2022;94.57838;0.4960979;259.5887;0.6533898
/Users/saminda/Udacity/RoboND/RoboND-Rover-Project/IMG/robocam_2018_07_04_16_05_06_150.jpg;11.99544;1;0;1.89879;103.1878;94.42825;0.419371;261.6396;0.68015
/Users/saminda/Udacity/RoboND/RoboND-Rover-Project/IMG/robocam_2018_07_04_16_05_06_217.jpg;9.00942;1;0;1.94336;103.1778;94.3112;0.4323756;262.8667;0.6991735
/Users/saminda/Udacity/RoboND/RoboND-Rover-Project/IMG/robocam_2018_07_04_16_05_06_283.jpg;6.013323;1;0;2.002275;103.1679;94.19089;0.4768982;263.8167;0.6837844
/Users/saminda/Udacity/RoboND/RoboND-Rover-Project/IMG/robocam_2018_07_04_16_05_06_350.jpg;3.017671;1;0;2.047007;103.1538;94.0257;0.5695413;264.5817;0.5889019
/Users/saminda/Udacity/RoboND/RoboND-Rover-Project/IMG/robocam_2018_07_04_16_05_06_416.jpg;0.01310885;1;0;2.091075;103.1421;93.89809;0.6738087;264.7704;0.4689583
/Users/saminda/Udacity/RoboND/RoboND-Rover-Project/IMG/robocam_2018_07_04_16_05_06_483.jpg;0;1;0;2.148905;103.1297;93.76713;0.823112;264.7896;0.3388527
/Users/saminda/Udacity/RoboND/RoboND-Rover-Project/IMG/robocam_2018_07_04_16_05_06_550.jpg;0;1;0;2.191723;103.1128;93.58764;1.073227;264.7747;0.1589454
/Users/saminda/Udacity/RoboND/RoboND-Rover-Project/IMG/robocam_2018_07_04_16_05_06_617.jpg;0;1;0;2.233972;103.0994;93.44992;1.269053;264.7469;0.00491168
/Users/saminda/Udacity/RoboND/RoboND-Rover-Project/IMG/robocam_2018_07_04_16_05_06_683.jpg;0;1;0;2.291786;103.0882;93.31085;1.380036;264.776;359.9919
/Users/saminda/Udacity/RoboND/RoboND-Rover-Project/IMG/robocam_2018_07_04_16_05_06_750.jpg;0;1;0;2.339835;103.072;93.1246;1.324741;264.7497;-0.001649318
/Users/saminda/Udacity/RoboND/RoboND-Rover-Project/IMG/robocam_2018_07_04_16_05_06_817.jpg;0;1;0;2.386696;103.0585;92.98155;1.298777;264.7396;-0.00102253
/Users/saminda/Udacity/RoboND/RoboND-Rover-Project/IMG/robocam_2018_07_04_16_05_06_883.jpg;0;1;0;2.443133;103.0446;92.83537;1.309514;264.7274;-0.000834875
/Users/saminda/Udacity/RoboND/RoboND-Rover-Project/IMG/robocam_2018_07_04_16_05_06_950.jpg;1.506736;1;0;2.484919;103.0258;92.6363;1.337394;264.7823;-0.001912253
/Users/saminda/Udacity/RoboND/RoboND-Rover-Project/IMG/robocam_2018_07_04_16_05_07_017.jpg;1.511634;1;0;2.528097;103.0127;92.48425;1.337084;265.0087;-0.002993058
/Users/saminda/Udacity/RoboND/RoboND-Rover-Project/IMG/robocam_2018_07_04_16_05_07_083.jpg;0;1;0;2.585472;102.9991;92.32965;1.335755;265.087;-0.001995344
/Users/saminda/Udacity/RoboND/RoboND-Rover-Project/IMG/robocam_2018_07_04_16_05_07_151.jpg;0;1;0;2.628112;102.9802;92.11954;1.337909;265.0945;-0.001372949
/Users/saminda/Udacity/RoboND/RoboND-Rover-Project/IMG/robocam_2018_07_04_16_05_07_217.jpg;0;1;0;2.670612;102.9658;91.95896;1.341564;265.0852;-0.001363443
/Users/saminda/Udacity/RoboND/RoboND-Rover-Project/IMG/robocam_2018_07_04_16_05_07_284.jpg;0;1;0;2.727067;102.951;91.79584;1.346013;265.0737;-0.001363099
/Users/saminda/Udacity/RoboND/RoboND-Rover-Project/IMG/robocam_2018_07_04_16_05_07_350.jpg;0;1;0;2.769262;102.931;91.57442;1.351573;265.0577;-0.001391925
/Users/saminda/Udacity/RoboND/RoboND-Rover-Project/IMG/robocam_2018_07_04_16_05_07_417.jpg;0;1;0;2.811331;102.9157;91.40545;1.354555;265.0456;-0.001405164
/Users/saminda/Udacity/RoboND/RoboND-Rover-Project/IMG/robocam_2018_07_04_16_05_07_484.jpg;0;1;0;2.86721;102.9001;91.23401;1.356182;265.0334;-0.001429551
/Users/saminda/Udacity/RoboND/RoboND-Rover-Project/IMG/robocam_2018_07_04_16_05_07_551.jpg;0;1;0;2.908947;102.8789;91.00144;1.363501;265.0165;-0.00133069
/Users/saminda/Udacity/RoboND/RoboND-Rover-Project/IMG/robocam_2018_07_04_16_05_07_617.jpg;0;1;0;2.950272;102.8626;90.82414;1.369524;265.0026;-0.0014646
/Users/saminda/Udacity/RoboND/RoboND-Rover-Project/IMG/robocam_2018_07_04_16_05_07_684.jpg;0;1;0;3.005605;102.8462;90.64444;1.371032;264.9902;-0.001488814
/Users/saminda/Udacity/RoboND/RoboND-Rover-Project/IMG/robocam_2018_07_04_16_05_07_751.jpg;0;1;0;3.046933;102.8238;90.40102;1.371235;264.9747;-0.001040568
/Users/saminda/Udacity/RoboND/RoboND-Rover-Project/IMG/robocam_2018_07_04_16_05_07_817.jpg;0;1;0;3.087794;102.8066;90.21557;1.373999;264.9591;-0.001503881
/Users/saminda/Udacity/RoboND/RoboND-Rover-Project/IMG/robocam_2018_07_04_16_05_07_884.jpg;0;1;0;3.142921;102.7893;90.0276;1.379832;264.945;-0.001408982
/Users/saminda/Udacity/RoboND/RoboND-Rover-Project/IMG/robocam_2018_07_04_16_05_07_950.jpg;0;1;0;3.183056;102.7657;89.77332;1.382055;264.9258;-0.001526711
/Users/saminda/Udacity/RoboND/RoboND-Rover-Project/IMG/robocam_2018_07_04_16_05_08_017.jpg;0;1;0;3.223798;102.7476;89.57977;1.384844;264.9119;-0.001426125
/Users/saminda/Udacity/RoboND/RoboND-Rover-Project/IMG/robocam_2018_07_04_16_05_08_083.jpg;0;1;0;3.277593;102.7293;89.38377;1.388456;264.8978;-0.00108339
/Users/saminda/Udacity/RoboND/RoboND-Rover-Project/IMG/robocam_2018_07_04_16_05_08_150.jpg;0;1;0;3.317719;102.7045;89.1188;1.390681;264.8761;-0.001570559
/Users/saminda/Udacity/RoboND/RoboND-Rover-Project/IMG/robocam_2018_07_04_16_05_08_217.jpg;0;0.8002241;0;3.35726;102.6856;88.91753;1.391166;264.8622;-0.001093886
/Users/saminda/Udacity/RoboND/RoboND-Rover-Project/IMG/robocam_2018_07_04_16_05_08_283.jpg;0;0.6004242;0;3.39435;102.6665;88.71474;1.387353;264.8431;-0.0009685099
/Users/saminda/Udacity/RoboND/RoboND-Rover-Project/IMG/robocam_2018_07_04_16_05_08_351.jpg;0;0.3998561;0;3.411367;102.6408;88.44339;1.352007;264.8138;-0.0008628183
/Users/saminda/Udacity/RoboND/RoboND-Rover-Project/IMG/robocam_2018_07_04_16_05_08_417.jpg;0;0.2000051;0;3.419984;102.6214;88.24012;1.287271;264.7915;-0.0007902802
/Users/saminda/Udacity/RoboND/RoboND-Rover-Project/IMG/robocam_2018_07_04_16_05_08_483.jpg;0;0.0009822845;0;3.41664;102.6021;88.03784;1.179749;264.7698;-0.000668463
/Users/saminda/Udacity/RoboND/RoboND-Rover-Project/IMG/robocam_2018_07_04_16_05_08_550.jpg;1.496292;0;0;3.406467;102.577;87.7702;0.9706099;264.8127;0.002805102
/Users/saminda/Udacity/RoboND/RoboND-Rover-Project/IMG/robocam_2018_07_04_16_05_08_617.jpg;4.484836;0;0;3.395483;102.5609;87.57082;0.7696206;265.1853;0.05604682
/Users/saminda/Udacity/RoboND/RoboND-Rover-Project/IMG/robocam_2018_07_04_16_05_08_684.jpg;7.513876;0;0;3.379394;102.5485;87.3725;0.5362476;265.9317;0.1756683
/Users/saminda/Udacity/RoboND/RoboND-Rover-Project/IMG/robocam_2018_07_04_16_05_08_751.jpg;10.5174;0;0;3.36551;102.5402;87.10992;0.178295;267.5529;0.4736008
/Users/saminda/Udacity/RoboND/RoboND-Rover-Project/IMG/robocam_2018_07_04_16_05_08_817.jpg;13.51224;0;0;3.349916;102.5412;86.91423;359.9076;269.2059;0.794526
/Users/saminda/Udacity/RoboND/RoboND-Rover-Project/IMG/robocam_2018_07_04_16_05_08_883.jpg;15;0;0;3.323661;102.5487;86.71843;359.7324;271.149;1.160705
/Users/saminda/Udacity/RoboND/RoboND-Rover-Project/IMG/robocam_2018_07_04_16_05_08_950.jpg;15;0;0;3.308596;102.5634;86.45476;359.7718;273.8138;1.388473
/Users/saminda/Udacity/RoboND/RoboND-Rover-Project/IMG/robocam_2018_07_04_16_05_09_017.jpg;15;0;0;3.291775;102.5801;86.25546;359.9921;275.8979;1.298925
/Users/saminda/Udacity/RoboND/RoboND-Rover-Project/IMG/robocam_2018_07_04_16_05_09_083.jpg;15;0;0;3.250557;102.606;86.06174;0.04520778;277.9893;1.181855
/Users/saminda/Udacity/RoboND/RoboND-Rover-Project/IMG/robocam_2018_07_04_16_05_09_150.jpg;13.49718;0;0;3.237167;102.6549;85.81052;359.9389;280.7878;1.099126
/Users/saminda/Udacity/RoboND/RoboND-Rover-Project/IMG/robocam_2018_07_04_16_05_09_217.jpg;10.50486;0;0;3.223925;102.6991;85.62343;359.9188;282.5343;1.108898
/Users/saminda/Udacity/RoboND/RoboND-Rover-Project/IMG/robocam_2018_07_04_16_05_09_283.jpg;7.50255;0;0;3.20787;102.7469;85.43659;359.9676;283.914;1.087318
/Users/saminda/Udacity/RoboND/RoboND-Rover-Project/IMG/robocam_2018_07_04_16_05_09_350.jpg;4.503073;0;0;3.196282;102.8145;85.18983;0.008552558;285.2146;1.061354
/Users/saminda/Udacity/RoboND/RoboND-Rover-Project/IMG/robocam_2018_07_04_16_05_09_417.jpg;1.504138;0;0;3.186177;102.8662;85.00668;359.9816;285.7418;1.027247
/Users/saminda/Udacity/RoboND/RoboND-Rover-Project/IMG/robocam_2018_07_04_16_05_09_483.jpg;0;0;0;3.172226;102.9176;84.82403;359.9499;285.9019;0.9560828
/Users/saminda/Udacity/RoboND/RoboND-Rover-Project/IMG/robocam_2018_07_04_16_05_09_550.jpg;0;0;0;3.161592;102.9862;84.58183;359.8899;285.9432;0.8422523
/Users/saminda/Udacity/RoboND/RoboND-Rover-Project/IMG/robocam_2018_07_04_16_05_09_617.jpg;0;0;0;3.150905;103.0376;84.40109;359.8368;285.947;0.7434565
/Users/saminda/Udacity/RoboND/RoboND-Rover-Project/IMG/robocam_2018_07_04_16_05_09_683.jpg;0;0;0;3.136776;103.0889;84.2211;359.7775;285.9474;0.6371791
/Users/saminda/Udacity/RoboND/RoboND-Rover-Project/IMG/robocam_2018_07_04_16_05_09_750.jpg;0;0;0;3.126208;103.157;83.98209;359.6964;285.9446;0.4822716
/Users/saminda/Udacity/RoboND/RoboND-Rover-Project/IMG/robocam_2018_07_04_16_05_09_817.jpg;-1.504891;0;0;3.115571;103.2074;83.80351;359.6305;285.8686;0.3540978
/Users/saminda/Udacity/RoboND/RoboND-Rover-Project/IMG/robocam_2018_07_04_16_05_09_883.jpg;-4.500763;0;0;3.100712;103.2556;83.62508;359.5596;285.5152;0.1806628
/Users/saminda/Udacity/RoboND/RoboND-Rover-Project/IMG/robocam_2018_07_04_16_05_09_950.jpg;-7.497541;0;0;3.088041;103.3139;83.38693;359.4604;284.436;359.8367
/Users/saminda/Udacity/RoboND/RoboND-Rover-Project/IMG/robocam_2018_07_04_16_05_10_017.jpg;-10.50444;0;0;3.073418;103.3533;83.20729;359.4555;283.2065;359.5567
/Users/saminda/Udacity/RoboND/RoboND-Rover-Project/IMG/robocam_2018_07_04_16_05_10_083.jpg;-13.50698;0;0;3.049883;103.3866;83.02682;359.4996;281.619;359.2183
/Users/saminda/Udacity/RoboND/RoboND-Rover-Project/IMG/robocam_2018_07_04_16_05_10_150.jpg;-15;0;0;3.031333;103.4238;82.78325;359.771;279.1719;358.8435
/Users/saminda/Udacity/RoboND/RoboND-Rover-Project/IMG/robocam_2018_07_04_16_05_10_217.jpg;-15;0;0;3.014856;103.4461;82.59875;0.1164355;277.1465;358.6999
/Users/saminda/Udacity/RoboND/RoboND-Rover-Project/IMG/robocam_2018_07_04_16_05_10_284.jpg;-15;0;0;2.985923;103.4625;82.42053;0.154039;275.0554;358.7418
/Users/saminda/Udacity/RoboND/RoboND-Rover-Project/IMG/robocam_2018_07_04_16_05_10_350.jpg;-13.492;0;0;2.974509;103.4729;82.18806;359.928;272.3018;358.9073
/Users/saminda/Udacity/RoboND/RoboND-Rover-Project/IMG/robocam_2018_07_04_16_05_10_417.jpg;-10.49977;0;0;2.960693;103.4718;82.01324;359.8108;270.6565;358.9539
/Users/saminda/Udacity/RoboND/RoboND-Rover-Project/IMG/robocam_2018_07_04_16_05_10_484.jpg;-7.491392;0;0;2.946345;103.4681;81.83686;359.8176;269.3839;359.0549
/Users/saminda/Udacity/RoboND/RoboND-Rover-Project/IMG/robocam_2018_07_04_16_05_10_551.jpg;-4.485392;0;0;2.934975;103.4587;81.60232;359.8425;268.1653;359.1501
/Users/saminda/Udacity/RoboND/RoboND-Rover-Project/IMG/robocam_2018_07_04_16_05_10_617.jpg;-1.498468;0;0;2.925366;103.4508;81.42728;359.8443;267.673;359.2235
/Users/saminda/Udacity/RoboND/RoboND-Rover-Project/IMG/robocam_2018_07_04_16_05_10_683.jpg;0;0;0;2.912527;103.4434;81.25301;359.828;267.5305;359.3217
/Users/saminda/Udacity/RoboND/RoboND-Rover-Project/IMG/robocam_2018_07_04_16_05_10_751.jpg;0;0;0;2.902729;103.4335;81.02183;359.7892;267.4951;359.4608
/Users/saminda/Udacity/RoboND/RoboND-Rover-Project/IMG/robocam_2018_07_04_16_05_10_817.jpg;0;0;0;2.893036;103.4259;80.84934;359.7475;267.4902;359.5649
/Users/saminda/Udacity/RoboND/RoboND-Rover-Project/IMG/robocam_2018_07_04_16_05_10_884.jpg;0;0;0;2.880106;103.4184;80.67757;359.698;267.4887;359.6678
/Users/saminda/Udacity/RoboND/RoboND-Rover-Project/IMG/robocam_2018_07_04_16_05_10_951.jpg;0;0;0;2.870404;103.4084;80.44946;359.632;267.4912;359.8087
/Users/saminda/Udacity/RoboND/RoboND-Rover-Project/IMG/robocam_2018_07_04_16_05_11_017.jpg;0;0;0;2.860471;103.4008;80.27905;359.5838;267.4921;359.91
/Users/saminda/Udacity/RoboND/RoboND-Rover-Project/IMG/robocam_2018_07_04_16_05_11_084.jpg;0;0;0;2.847537;103.3932;80.10925;359.5338;267.492;0.003259832
/Users/saminda/Udacity/RoboND/RoboND-Rover-Project/IMG/robocam_2018_07_04_16_05_11_151.jpg;0;0;0;2.837843;103.3827;79.8834;359.4896;267.4813;0.08854993
/Users/saminda/Udacity/RoboND/RoboND-Rover-Project/IMG/robocam_2018_07_04_16_05_11_217.jpg;0;0;0;2.827435;103.3749;79.7144;359.4746;267.4726;0.1300673
/Users/saminda/Udacity/RoboND/RoboND-Rover-Project/IMG/robocam_2018_07_04_16_05_11_283.jpg;0;0;0;2.813954;103.3672;79.54579;359.4714;267.4669;0.1579094
/Users/saminda/Udacity/RoboND/RoboND-Rover-Project/IMG/robocam_2018_07_04_16_05_11_350.jpg;0;0;0;2.80437;103.3569;79.32181;359.4718;267.4602;0.1779326
/Users/saminda/Udacity/RoboND/RoboND-Rover-Project/IMG/robocam_2018_07_04_16_05_11_417.jpg;0;0;0;2.794276;103.3493;79.15434;359.4818;267.4556;0.1779451
/Users/saminda/Udacity/RoboND/RoboND-Rover-Project/IMG/robocam_2018_07_04_16_05_11_484.jpg;0;0;0;2.781602;103.3418;78.98752;359.487;267.4546;0.1767663
/Users/saminda/Udacity/RoboND/RoboND-Rover-Project/IMG/robocam_2018_07_04_16_05_11_550.jpg;0;0;0;2.771924;103.3316;78.76581;359.5056;267.4477;0.1510569
/Users/saminda/Udacity/RoboND/RoboND-Rover-Project/IMG/robocam_2018_07_04_16_05_11_616.jpg;0;0;0;2.762274;103.3242;78.60023;359.5169;267.4464;0.13063
/Users/saminda/Udacity/RoboND/RoboND-Rover-Project/IMG/robocam_2018_07_04_16_05_11_683.jpg;0;0;0;2.749801;103.3168;78.43531;359.5222;267.4462;0.1098901
/Users/saminda/Udacity/RoboND/RoboND-Rover-Project/IMG/robocam_2018_07_04_16_05_11_750.jpg;0;0;0;2.740487;103.3071;78.21643;359.521;267.4462;0.08191428
/Users/saminda/Udacity/RoboND/RoboND-Rover-Project/IMG/robocam_2018_07_04_16_05_11_816.jpg;0;0;0;2.731006;103.2996;78.05276;359.5312;267.4404;0.04451143
/Users/saminda/Udacity/RoboND/RoboND-Rover-Project/IMG/robocam_2018_07_04_16_05_11_883.jpg;0;0;0;2.718459;103.2923;77.88976;359.5351;267.4394;0.01402809
/Users/saminda/Udacity/RoboND/RoboND-Rover-Project/IMG/robocam_2018_07_04_16_05_11_950.jpg;0;0;0;2.709247;103.2827;77.67341;359.532;267.4392;359.9778
/Users/saminda/Udacity/RoboND/RoboND-Rover-Project/IMG/robocam_2018_07_04_16_05_12_017.jpg;0;0;0;2.700065;103.2757;77.51165;359.5379;267.4451;359.9691
/Users/saminda/Udacity/RoboND/RoboND-Rover-Project/IMG/robocam_2018_07_04_16_05_12_083.jpg;0;0;0;2.687391;103.2686;77.35048;359.5433;267.4473;359.9615
/Users/saminda/Udacity/RoboND/RoboND-Rover-Project/IMG/robocam_2018_07_04_16_05_12_150.jpg;0;0;0;2.678285;103.2591;77.13658;359.5419;267.4478;359.9524
/Users/saminda/Udacity/RoboND/RoboND-Rover-Project/IMG/robocam_2018_07_04_16_05_12_217.jpg;0;0;0;2.669024;103.2522;76.97659;359.553;267.4544;359.9656
/Users/saminda/Udacity/RoboND/RoboND-Rover-Project/IMG/robocam_2018_07_04_16_05_12_283.jpg;0;0;0;2.65675;103.2452;76.81728;359.5565;267.4555;359.9726
/Users/saminda/Udacity/RoboND/RoboND-Rover-Project/IMG/robocam_2018_07_04_16_05_12_350.jpg;0;0;0;2.647755;103.2358;76.60585;359.5526;267.4557;359.9812
/Users/saminda/Udacity/RoboND/RoboND-Rover-Project/IMG/robocam_2018_07_04_16_05_12_417.jpg;0;0;0;2.638618;103.2289;76.44775;359.56;267.4613;0.003495061
/Users/saminda/Udacity/RoboND/RoboND-Rover-Project/IMG/robocam_2018_07_04_16_05_12_483.jpg;0;0;0;2.626501;103.2219;76.29029;359.5609;267.4623;0.01916174
/Users/saminda/Udacity/RoboND/RoboND-Rover-Project/IMG/robocam_2018_07_04_16_05_12_550.jpg;0;0;0;2.617606;103.2124;76.08115;359.566;267.4574;0.02372763
/Users/saminda/Udacity/RoboND/RoboND-Rover-Project/IMG/robocam_2018_07_04_16_05_12_617.jpg;0;0;0;2.608341;103.2055;75.92491;359.5703;267.4556;0.02349905
/Users/saminda/Udacity/RoboND/RoboND-Rover-Project/IMG/robocam_2018_07_04_16_05_12_683.jpg;0;0;0;2.596572;103.1985;75.76929;359.569;267.4553;0.02356057
/Users/saminda/Udacity/RoboND/RoboND-Rover-Project/IMG/robocam_2018_07_04_16_05_12_750.jpg;0;0;0;2.58762;103.1891;75.56251;359.5747;267.4499;0.007648806
/Users/saminda/Udacity/RoboND/RoboND-Rover-Project/IMG/robocam_2018_07_04_16_05_12_817.jpg;0;0;0;2.578655;103.1823;75.4081;359.5757;267.4489;-0.002768611
/Users/saminda/Udacity/RoboND/RoboND-Rover-Project/IMG/robocam_2018_07_04_16_05_12_884.jpg;3.005549;0;0;2.566872;103.1767;75.25429;359.5708;267.6158;0.01671696
/Users/saminda/Udacity/RoboND/RoboND-Rover-Project/IMG/robocam_2018_07_04_16_05_12_950.jpg;6.004983;0;0;2.556609;103.1735;75.04978;359.5784;268.3829;0.1165372
/Users/saminda/Udacity/RoboND/RoboND-Rover-Project/IMG/robocam_2018_07_04_16_05_13_017.jpg;6.00332;0;0;2.545638;103.1743;74.89691;359.5974;269.2286;0.2350728
/Users/saminda/Udacity/RoboND/RoboND-Rover-Project/IMG/robocam_2018_07_04_16_05_13_083.jpg;3.001955;0;0;2.533315;103.1758;74.74443;359.6271;269.8914;0.3376362
/Users/saminda/Udacity/RoboND/RoboND-Rover-Project/IMG/robocam_2018_07_04_16_05_13_150.jpg;0;0;0;2.524981;103.1767;74.5419;359.6664;270.2279;0.4111186
/Users/saminda/Udacity/RoboND/RoboND-Rover-Project/IMG/robocam_2018_07_04_16_05_13_217.jpg;0;0;0;2.516273;103.1772;74.39077;359.6855;270.2664;0.4419993
/Users/saminda/Udacity/RoboND/RoboND-Rover-Project/IMG/robocam_2018_07_04_16_05_13_283.jpg;0;0;0;2.504697;103.1775;74.24009;359.7083;270.2686;0.4474859
/Users/saminda/Udacity/RoboND/RoboND-Rover-Project/IMG/robocam_2018_07_04_16_05_13_351.jpg;0;0;0;2.496265;103.1781;74.04018;359.7272;270.2662;0.4388718
/Users/saminda/Udacity/RoboND/RoboND-Rover-Project/IMG/robocam_2018_07_04_16_05_13_417.jpg;0;0;0;2.487656;103.1787;73.89097;359.7339;270.2653;0.4209976
/Users/saminda/Udacity/RoboND/RoboND-Rover-Project/IMG/robocam_2018_07_04_16_05_13_484.jpg;0;0;0;2.476533;103.1792;73.74238;359.7342;270.2632;0.3921409
/Users/saminda/Udacity/RoboND/RoboND-Rover-Project/IMG/robocam_2018_07_04_16_05_13_550.jpg;0;0;0;2.46803;103.18;73.54516;359.7278;270.2615;0.3416546
/Users/saminda/Udacity/RoboND/RoboND-Rover-Project/IMG/robocam_2018_07_04_16_05_13_617.jpg;0;0;0.2000341;2.454597;103.1805;73.39959;359.6812;270.2589;0.2943719
/Users/saminda/Udacity/RoboND/RoboND-Rover-Project/IMG/robocam_2018_07_04_16_05_13_684.jpg;0;0;0.3998759;2.380708;103.1809;73.25933;359.5388;270.2523;0.2307008
/Users/saminda/Udacity/RoboND/RoboND-Rover-Project/IMG/robocam_2018_07_04_16_05_13_751.jpg;0;0;0.598968;2.282666;103.1811;73.08593;359.1148;270.2341;0.1103852
/Users/saminda/Udacity/RoboND/RoboND-Rover-Project/IMG/robocam_2018_07_04_16_05_13_817.jpg;0;0;0.8006759;2.150129;103.1811;72.96861;358.6124;270.2139;359.9791
/Users/saminda/Udacity/RoboND/RoboND-Rover-Project/IMG/robocam_2018_07_04_16_05_13_884.jpg;0;0;1;1.957141;103.1833;72.85887;358.1902;270.3268;-0.005126822
/Users/saminda/Udacity/RoboND/RoboND-Rover-Project/IMG/robocam_2018_07_04_16_05_13_951.jpg;0;0;1;1.833317;103.1854;72.7184;357.9115;270.55;-0.004061177
/Users/saminda/Udacity/RoboND/RoboND-Rover-Project/IMG/robocam_2018_07_04_16_05_14_017.jpg;0;0;1;1.721552;103.187;72.61706;357.9445;270.6765;359.9897
/Users/saminda/Udacity/RoboND/RoboND-Rover-Project/IMG/robocam_2018_07_04_16_05_14_083.jpg;0;0;1;1.555819;103.1887;72.51955;358.1646;270.8261;-0.004420534
/Users/saminda/Udacity/RoboND/RoboND-Rover-Project/IMG/robocam_2018_07_04_16_05_14_151.jpg;0;0;1;1.447006;103.1912;72.3949;358.7842;270.9448;-0.00222985
/Users/saminda/Udacity/RoboND/RoboND-Rover-Project/IMG/robocam_2018_07_04_16_05_14_217.jpg;0;0;1;1.258674;103.1925;72.32165;358.9462;270.9626;0.002676803
/Users/saminda/Udacity/RoboND/RoboND-Rover-Project/IMG/robocam_2018_07_04_16_05_14_284.jpg;0;0;1;0.9343502;103.1931;72.27043;358.6881;270.9595;-0.002921586
/Users/saminda/Udacity/RoboND/RoboND-Rover-Project/IMG/robocam_2018_07_04_16_05_14_351.jpg;0;0;1;0.7236968;103.1937;72.22317;358.2217;271.0663;359.9937
/Users/saminda/Udacity/RoboND/RoboND-Rover-Project/IMG/robocam_2018_07_04_16_05_14_418.jpg;0;0;1;0.5241156;103.1942;72.20253;357.8615;271.1443;0.005130394
/Users/saminda/Udacity/RoboND/RoboND-Rover-Project/IMG/robocam_2018_07_04_16_05_14_484.jpg;0;0;1;0.2826337;103.1943;72.19355;357.5652;271.1371;359.9912
/Users/saminda/Udacity/RoboND/RoboND-Rover-Project/IMG/robocam_2018_07_04_16_05_14_551.jpg;0;0;1;0.06588147;103.1944;72.19334;357.3438;271.1501;0.01666756
/Users/saminda/Udacity/RoboND/RoboND-Rover-Project/IMG/robocam_2018_07_04_16_05_14_617.jpg;0;0;1;0;103.1944;72.19324;357.4937;271.1462;359.9905
/Users/saminda/Udacity/RoboND/RoboND-Rover-Project/IMG/robocam_2018_07_04_16_05_14_684.jpg;0;0;1;-0.1296793;103.1944;72.19315;357.959;271.1613;0.01142973
/Users/saminda/Udacity/RoboND/RoboND-Rover-Project/IMG/robocam_2018_07_04_16_05_14_751.jpg;0;0;1;-0.2109397;103.1945;72.19323;358.9602;271.1618;359.9734
/Users/saminda/Udacity/RoboND/RoboND-Rover-Project/IMG/robocam_2018_07_04_16_05_14_817.jpg;0;0;0;-0.2409765;103.1944;72.19357;359.7525;271.1622;359.966
/Users/saminda/Udacity/RoboND/RoboND-Rover-Project/IMG/robocam_2018_07_04_16_05_14_884.jpg;0;0;0;-0.2199178;103.1944;72.19386;0.4919008;271.1626;359.96
/Users/saminda/Udacity/RoboND/RoboND-Rover-Project/IMG/robocam_2018_07_04_16_05_14_951.jpg;0;0;0;-0.1838068;103.1944;72.19412;1.280541;271.1664;0.03221713
/Users/saminda/Udacity/RoboND/RoboND-Rover-Project/IMG/robocam_2018_07_04_16_05_15_017.jpg;0;0;0;-0.1327854;103.1935;72.1943;1.621899;271.1694;359.9925
/Users/saminda/Udacity/RoboND/RoboND-Rover-Project/IMG/robocam_2018_07_04_16_05_15_084.jpg;0;0;0;-0.01347293;103.1937;72.19444;1.674839;271.1672;0.005116932
/Users/saminda/Udacity/RoboND/RoboND-Rover-Project/IMG/robocam_2018_07_04_16_05_15_151.jpg;0;0;0;0.06207558;103.1931;72.19454;1.286476;271.165;0.007897399
/Users/saminda/Udacity/RoboND/RoboND-Rover-Project/IMG/robocam_2018_07_04_16_05_15_217.jpg;0;0;0;0.1129238;103.1927;72.19443;0.8737943;271.1645;0.02953514
/Users/saminda/Udacity/RoboND/RoboND-Rover-Project/IMG/robocam_2018_07_04_16_05_15_284.jpg;0;0;0;0.1159482;103.1926;72.19431;0.4854839;271.1643;0.07407414
/Users/saminda/Udacity/RoboND/RoboND-Rover-Project/IMG/robocam_2018_07_04_16_05_15_351.jpg;0;0;0;0.1104686;103.1926;72.19413;-0.002310076;271.165;0.1248548
/Users/saminda/Udacity/RoboND/RoboND-Rover-Project/IMG/robocam_2018_07_04_16_05_15_417.jpg;0;0;0;0.1031542;103.1925;72.19399;359.662;271.1659;0.1561726
/Users/saminda/Udacity/RoboND/RoboND-Rover-Project/IMG/robocam_2018_07_04_16_05_15_484.jpg;0;0;0;0.08681186;103.192;72.19386;359.3756;271.1665;0.1495533
/Users/saminda/Udacity/RoboND/RoboND-Rover-Project/IMG/robocam_2018_07_04_16_05_15_551.jpg;0;0;0;0.06923392;103.1918;72.19372;359.0771;271.1666;0.1112315
/Users/saminda/Udacity/RoboND/RoboND-Rover-Project/IMG/robocam_2018_07_04_16_05_15_618.jpg;0;0;0;0.05605953;103.1916;72.19363;358.9079;271.1661;0.06620507
/Users/saminda/Udacity/RoboND/RoboND-Rover-Project/IMG/robocam_2018_07_04_16_05_15_684.jpg;0;0;0;0.03695647;103.1915;72.19358;358.7961;271.1649;0.002267631
/Users/saminda/Udacity/RoboND/RoboND-Rover-Project/IMG/robocam_2018_07_04_16_05_15_751.jpg;0;0;0;0.01718164;103.1924;72.19357;358.7821;271.165;359.9941
/Users/saminda/Udacity/RoboND/RoboND-Rover-Project/IMG/robocam_2018_07_04_16_05_15_817.jpg;0;0;0;-0.01480038;103.1925;72.1936;358.8496;271.1653;0.001120772
/Users/saminda/Udacity/RoboND/RoboND-Rover-Project/IMG/robocam_2018_07_04_16_05_15_884.jpg;0;0;0;-0.02615691;103.1923;72.19364;358.9408;271.1653;0.001551743
/Users/saminda/Udacity/RoboND/RoboND-Rover-Project/IMG/robocam_2018_07_04_16_05_15_951.jpg;0;0;0;-0.03087266;103.1923;72.1937;359.0812;271.1654;0.006943277
/Users/saminda/Udacity/RoboND/RoboND-Rover-Project/IMG/robocam_2018_07_04_16_05_16_018.jpg;0;0;0;-0.03407122;103.1923;72.19375;359.1983;271.1654;0.01055439
/Users/saminda/Udacity/RoboND/RoboND-Rover-Project/IMG/robocam_2018_07_04_16_05_16_084.jpg;0;0;0;-0.03696653;103.1923;72.1938;359.3222;271.1655;0.01362714
/Users/saminda/Udacity/RoboND/RoboND-Rover-Project/IMG/robocam_2018_07_04_16_05_16_150.jpg;0;0;0;-0.03813777;103.1923;72.19387;359.4932;271.1655;0.01686148
/Users/saminda/Udacity/RoboND/RoboND-Rover-Project/IMG/robocam_2018_07_04_16_05_16_217.jpg;0;0;0;-0.03849315;103.1923;72.19392;359.6223;271.1655;0.01868049
/Users/saminda/Udacity/RoboND/RoboND-Rover-Project/IMG/robocam_2018_07_04_16_05_16_284.jpg;0;0;0;-0.03779115;103.1923;72.19398;359.7492;271.1654;0.01994321
/Users/saminda/Udacity/RoboND/RoboND-Rover-Project/IMG/robocam_2018_07_04_16_05_16_351.jpg;0;0;0;-0.03646606;103.1923;72.19404;359.9112;271.1653;0.02080248
/Users/saminda/Udacity/RoboND/RoboND-Rover-Project/IMG/robocam_2018_07_04_16_05_16_417.jpg;0;0;0;-0.03453918;103.1923;72.19408;0.02474746;271.1653;0.02087156
/Users/saminda/Udacity/RoboND/RoboND-Rover-Project/IMG/robocam_2018_07_04_16_05_16_484.jpg;0;0;0;-0.03117254;103.1923;72.19413;0.1295763;271.1653;0.02049616
/Users/saminda/Udacity/RoboND/RoboND-Rover-Project/IMG/robocam_2018_07_04_16_05_16_551.jpg;0;0;0;-0.02816074;103.1923;72.19418;0.2534398;271.1652;0.01938386
/Users/saminda/Udacity/RoboND/RoboND-Rover-Project/IMG/robocam_2018_07_04_16_05_16_617.jpg;0;0;0;-0.02482879;103.1923;72.19421;0.3330581;271.1652;0.01816033
/Users/saminda/Udacity/RoboND/RoboND-Rover-Project/IMG/robocam_2018_07_04_16_05_16_684.jpg;0;0;0;-0.02003957;103.1923;72.19424;0.4004911;271.1652;0.01666469
/Users/saminda/Udacity/RoboND/RoboND-Rover-Project/IMG/robocam_2018_07_04_16_05_16_751.jpg;0;0;0;-0.01629837;103.1923;72.19426;0.4707746;271.1651;0.01434386
/Users/saminda/Udacity/RoboND/RoboND-Rover-Project/IMG/robocam_2018_07_04_16_05_16_817.jpg;0;0;0;-0.01251861;103.1923;72.19427;0.5086414;271.1651;0.0124321
/Users/saminda/Udacity/RoboND/RoboND-Rover-Project/IMG/robocam_2018_07_04_16_05_16_884.jpg;0;0;0;0;103.1923;72.19428;0.5311974;271.1651;0.007514425
